"","Estimate","Std. Error","z value","Pr(>|z|)"
"(Intercept)",1.35634654509613,0.485062864093171,2.79622837677305,0.00517028510859717
"Age",-0.0372582366343362,0.0100647694103249,-3.70184701858298,0.000214035663317468
"MonthlyIncome",-7.76163550228324e-05,2.65656494918803e-05,-2.92168106210073,0.0034814784982679
"JobSatisfaction",-0.308056442525864,0.0683527162871802,-4.50686467574428,6.57925636414339e-06
"WorkLifeBalance",-0.266586960331581,0.106002926545885,-2.51490189014908,0.0119065512239261
"YearsAtCompany",-0.0832620623340673,0.0239066766448968,-3.48279535339935,0.000496207525445596
"YearsSinceLastPromotion",0.118542030637668,0.0355168780192999,3.33762529953371,0.000844976138890888
"OverTimeYes",1.45720161274762,0.155464908834078,9.37318668036422,7.03750043921081e-21
